{
    "loss": 0.5964547991752625,
    "accuracy": 0.8835523128509521
}