{
    "loss": 0.5690838694572449,
    "accuracy": 0.8912550806999207
}